LexusLX,$ 135 000,https://im.mashina.kg/tachka/images//1/8/a/18a738082fbec3f5048bcf1a3c6a90af_240x180.jpg,"2018 г., 5.7 л., автомат внедорожник 5 дв., бензин руль слева, 54 000 км","

2ч.назад
"
KiaSportage,$ 42 000,https://im.mashina.kg/tachka/images//6/e/c/6ece1b70decae24d3a35f3ae7f9bd6b2_240x180.jpg,"2022 г., 2.5 л., автомат внедорожник 5 дв., бензин руль слева, 3 800 км","

3ч.назад
"
LexusRX,$ 45 000,https://im.mashina.kg/tachka/images//9/2/9/92981baca26705ca1a726f9e5e4f5aff_240x180.jpg,"2017 г., 3.5 л., автомат внедорожник 5 дв., бензин руль слева, 90 000 км","

7ч.назад
"
ToyotaCamry,$ 30 000,https://im.mashina.kg/tachka/images//8/9/4/89435dbf4f657ca925780b482c263b17_240x180.jpg,"2018 г., 2.5 л., вариатор седан, гибрид руль слева, 80 000 км","

15ч.назад
"
ToyotaCamry,$ 54 000,https://im.mashina.kg/tachka/images//0/2/8/0285ac64612c65a43d344b5d2e38deec_240x180.jpg,"2023 г., 2.5 л., вариатор седан, гибрид руль слева, 30 км","

15ч.назад
"
BMWX5,$ 48 000,https://im.mashina.kg/tachka/images//e/3/f/e3f765c29a057355694c2ae400e8f052_240x180.jpg,"2018 г., 3 л., автомат внедорожник 5 дв., дизель руль слева, 92 000 км","

16ч.назад
"
BMW7серии,$ 42 000,https://im.mashina.kg/tachka/images//c/a/6/ca6d47b0591f517603a0632d547875d6_240x180.jpg,"2018 г., 2 л., автомат седан, бензин руль слева, 30 600 км","

21ч.назад
"
ToyotaHighlander,$ 34 000,https://im.mashina.kg/tachka/images//f/9/d/f9d02fbcdac6e4ff7f59fbe663176ffe_240x180.jpg,"2019 г., 3.5 л., автомат внедорожник 5 дв., бензин руль слева, 130 000 км","

14ч.назад
"
LexusES,$ 19 300,https://im.mashina.kg/tachka/images//9/1/8/91895afe1d15859f568801bbf8563463_240x180.jpg,"2012 г., 2.5 л., вариатор седан, гибрид руль слева, 165 000 км","

1д.назад
"
LexusGX,$ 28 900,https://im.mashina.kg/tachka/images//a/9/4/a94b2c6c979356c97b8921034ec9c164_240x180.jpg,"2010 г., 4.6 л., автомат внедорожник 5 дв., бензин руль слева, 188 999 км","

2мин.назад
"
BMWX5,$ 37 000,https://im.mashina.kg/tachka/images//e/a/8/ea8d008c976f3a65d56ddd00a0e95196_240x180.jpg,"2015 г., 3 л., автомат внедорожник 5 дв., бензин руль слева, 148 700 км","

5ч.назад
"
KiaOptima,$ 12 800,https://im.mashina.kg/tachka/images//8/7/e/87efff5a93ffd212d482473bbd2175e8_240x180.jpg,"2016 г., 2 л., автомат седан, гибрид руль слева, 123 000 км","

11мин.назад
"
ToyotaRAV4,$ 38 800,https://im.mashina.kg/tachka/images//8/2/a/82a55db18bee431393dc1974dadb8262_240x180.jpg,"2019 г., 2.5 л., автомат внедорожник 5 дв., гибрид руль слева, 77 000 км","
14мин.назад
"
FordMustang,$ 23 000,https://im.mashina.kg/tachka/images//f/e/3/fe3b51f0a3c3a416227f342929cb5d7e_240x180.jpg,"2017 г., 3.7 л., автомат купе, бензин руль слева, 79 000 км","

13мин.назад
"
LexusIS,$ 25 500,https://im.mashina.kg/tachka/images//8/2/1/8210c618c8a6678a5af0859b8759003b_240x180.jpg,"2014 г., 2.5 л., автомат седан, бензин руль слева, 50 000 км","

14мин.назад
"
BMWX6,$ 49 500,https://im.mashina.kg/tachka/images//2/3/7/237b7b8c3b63e4ea984d5177c15371b0_240x180.jpg,"2016 г., 3 л., автомат внедорожник 5 дв., дизель руль слева, 81 000 км","

15мин.назад
"
LexusGX,$ 24 500,https://im.mashina.kg/tachka/images//1/c/7/1c7039112df025ee4fb6f448ab6ac106_240x180.jpg,"2006 г., 4.7 л., автомат внедорожник 5 дв., бензин руль слева, 150 000 км","

15мин.назад
"
Mercedes-BenzE-классAMG,$ 50 000,https://im.mashina.kg/tachka/images//2/4/f/24f61445816f7bdec484d0a115b70f95_240x180.jpg,"2013 г., 5.5 л., автомат седан, бензин руль слева, 112 000 км","

17мин.назад
"
LexusGX,$ 28 800,https://im.mashina.kg/tachka/images//a/9/7/a978cfe56fbdd4b2a6cf7cfa17d79a8f_240x180.jpg,"2008 г., 4.7 л., автомат внедорожник 5 дв., бензин руль слева, 140 000 км","
38мин.назад
"
HyundaiSantaFe,$ 25 500,https://im.mashina.kg/tachka/images//0/a/5/0a56eff9ea7b32cee10811da1da35333_240x180.jpg,"2017 г., 2.2 л., автомат внедорожник 5 дв., дизель руль слева, 12 500 км","

35мин.назад
"
BMWX6,$ 95 000,https://im.mashina.kg/tachka/images//e/d/4/ed4dbc8c8c45ae970326292ea87e1568_240x180.jpg,"2020 г., 3 л., автомат внедорожник 5 дв., бензин руль слева, 61 000 км","

38мин.назад
"
ToyotaCamry,$ 25 555,https://im.mashina.kg/tachka/images//c/0/4/c04a880d8d0a710f09983fa558d42090_240x180.jpg,"2021 г., 2.5 л., автомат седан, бензин руль слева, 6 000 км","

3ч.назад
"
LexusRX,$ 38 888,https://im.mashina.kg/tachka/images//8/9/4/8949e22e226bface1a6e4cc3b439a3cc_240x180.jpg,"2017 г., 3.5 л., автомат внедорожник 5 дв., бензин руль слева, 50 000 км","

3ч.назад
"
LexusIS,$ 24 500,https://im.mashina.kg/tachka/images//c/1/9/c1916e865d4a0a16f34d04093c985a67_240x180.jpg,"2016 г., 2 л., автомат седан, бензин руль слева, 157 000 км","

58мин.назад
"
LexusES,$ 29 000,https://im.mashina.kg/tachka/images//8/8/7/8871e093f441a02c92f96811692444d6_240x180.jpg,"2015 г., 2.5 л., вариатор седан, гибрид руль слева, 159 000 км","

1ч.назад
"
ToyotaLandCruiserPrado,$ 15 900,https://im.mashina.kg/tachka/images//6/e/b/6eb898eb378b1df156910f4e11a8b36f_240x180.jpg,"2004 г., 3 л., автомат внедорожник 5 дв., дизель руль слева, 320 000 км","
2ч.назад
"
LandRoverDiscoverySport,$ 31 500,https://im.mashina.kg/tachka/images//1/7/c/17c3078cd01fba166502b20c335308c5_240x180.jpg,"2018 г., 2 л., автомат внедорожник 5 дв., дизель руль слева, 26 000 км","

2ч.назад
"
KiaK7,$ 28 000,https://im.mashina.kg/tachka/images//1/0/6/106db1f12ce42580f14f776a8037f86f_240x180.jpg,"2020 г., 3 л., автомат седан, газ руль слева, 60 800 км","
2ч.назад
"
BMWX7,$ 135 000,https://im.mashina.kg/tachka/images//7/6/a/76a4810b71b39f9d39eb19ed70d534e5_240x180.jpg,"2021 г., 3 л., автомат внедорожник 5 дв., бензин руль слева, 17 000 км","

1ч.назад
"
LexusRX,$ 23 800,https://im.mashina.kg/tachka/images//0/7/0/0706f1469770b44d449d2c6ecd0a09db_240x180.jpg,"2011 г., 3.5 л., вариатор внедорожник 5 дв., гибрид руль слева, 137 000 км","

1ч.назад
"
KiaCarnival,$ 19 000,https://im.mashina.kg/tachka/images//5/6/2/56294748b26c9e1162aa53f1e2f6f34b_240x180.jpg,"2016 г., 2.2 л., автомат минивэн, дизель руль слева, 172 000 км","

1ч.назад
"
HyundaiSonata,$ 12 900,https://im.mashina.kg/tachka/images//7/0/8/70867f5801304954c1cd706b6b0449ca_240x180.jpg,"2018 г., 2 л., автомат седан, газ руль слева, 180 999 км","
2ч.назад
"
KiaMorning,$ 7 800,https://im.mashina.kg/tachka/images//a/e/1/ae1251cfad6b6996af8f9bb678449af7_240x180.jpg,"2016 г., 1 л., автомат хэтчбек 5 дв., бензин руль слева, 257 000 км","

2ч.назад
"
HondaAccord,$ 22 000,https://im.mashina.kg/tachka/images//f/1/8/f186add2c2f114d13bb5b707a77544a8_240x180.jpg,"2018 г., 1.5 л., вариатор седан, бензин руль слева, 53 000 км","

2ч.назад
"
BMWX5,$ 36 000,https://im.mashina.kg/tachka/images//d/7/2/d726d6f3fd09a78b8145e0a1b70fd42c_240x180.jpg,"2013 г., 4.4 л., автомат внедорожник 5 дв., бензин руль слева, 200 000 км","

2ч.назад
"
MazdaMPV,$ 6 000,https://im.mashina.kg/tachka/images//b/b/4/bb41020c3b196a95269616024551f228_240x180.jpg,"2003 г., 2.3 л., механика компактвэн, бензин руль слева, 310 427 км","

2ч.назад
"
LexusRX,$ 23 333,https://im.mashina.kg/tachka/images//d/6/f/d6fdd9bb93c5c721cde36366876a5ae2_240x180.jpg,"2010 г., 3.5 л., автомат внедорожник 5 дв., бензин руль слева, 250 000 км","

2д.назад
"
ToyotaCamry,$ 21 500,no image,"2016 г., 2.5 л., автомат седан, бензин руль слева, 158 000 км","

2ч.назад
"
RenaultLogan,$ 15 000,https://im.mashina.kg/tachka/images//3/d/6/3d6cb4288d646b22f356330dedf40b33_240x180.jpg,"2021 г., 1.6 л., автомат седан, бензин руль слева, 18 700 км","

2ч.назад
"
HondaAccord,$ 8 400,https://im.mashina.kg/tachka/images//4/6/e/46e0584ddc780b6732c0e471a8c53624_240x180.jpg,"2008 г., 2.4 л., автомат седан, бензин руль слева, 245 550 км","

2ч.назад
"
ToyotaCamry,$ 26 000,https://im.mashina.kg/tachka/images//d/8/9/d8919d21ed1e9492914e851dbf56f861_240x180.jpg,"2019 г., 2.5 л., автомат седан, бензин руль слева, 65 000 км","

2ч.назад
"
KiaSorento,$ 43 500,https://im.mashina.kg/tachka/images//4/7/8/47812a8fa11e1a7e79bffc5104de0a58_240x180.jpg,"2021 г., 2.2 л., робот внедорожник 5 дв., дизель руль слева, 26 000 км","

2ч.назад
"
Toyota4Runner,$ 23 500,https://im.mashina.kg/tachka/images//f/d/d/fdd8ed9cf9bb7dff93701e13ddef2f16_240x180.jpg,"2006 г., 4 л., автомат внедорожник 5 дв., бензин руль слева, 190 000 км","

2ч.назад
"
ToyotaLandCruiser,$ 119 000,https://im.mashina.kg/tachka/images//9/5/1/95108f1936d654dedbdbe57325f9b7e3_240x180.jpg,"2023 г., 4 л., автомат внедорожник 5 дв., бензин руль слева, 150 км","

2ч.назад
"
LexusGX,$ 52 500,https://im.mashina.kg/tachka/images//a/7/f/a7f6e35fcf1ab7b1770ca4a9e69e7d83_240x180.jpg,"2018 г., 4.6 л., автомат внедорожник 5 дв., бензин руль слева, 50 000 км","

2ч.назад
"
HondaAccord,$ 9 600,https://im.mashina.kg/tachka/images//d/1/6/d16c7d3931e583240a1ffefc68873feb_240x180.jpg,"2005 г., 2.4 л., автомат седан, бензин руль справа, 185 000 км","

2ч.назад
"
HyundaiSonata,$ 14 200,https://im.mashina.kg/tachka/images//f/2/3/f23f3a279967fd7d6f26a80e87e77390_240x180.jpg,"2018 г., 2 л., автомат седан, газ руль слева, 97 000 км","

2ч.назад
"
ToyotaCamry,$ 25 000,https://im.mashina.kg/tachka/images//9/f/1/9f10124151db2be500533bcb7e1cc6aa_240x180.jpg,"2020 г., 2.5 л., автомат седан, бензин руль слева, 50 000 км","

2ч.назад
"
ToyotaCamry,$ 27 000,https://im.mashina.kg/tachka/images//7/4/8/74877ec62a000719d91089e38c62c641_240x180.jpg,"2020 г., 2.5 л., автомат седан, бензин руль слева, 62 000 км","
2ч.назад
"
BMWX7,$ 138 000,https://im.mashina.kg/tachka/images//2/9/5/29570ac2e01b0f2524b1635dd11b061e_240x180.jpg,"2022 г., 3 л., автомат внедорожник 5 дв., бензин руль слева, 15 000 км","

2ч.назад
"
ToyotaCamry(Japan),$ 10 700,https://im.mashina.kg/tachka/images//f/9/6/f9681c7e7ffde3b7e34bd419a4c40d98_240x180.jpg,"2003 г., 2.4 л., автомат седан, бензин руль справа, 295 000 км","
3ч.назад
"
BMW5серии,$ 36 999,https://im.mashina.kg/tachka/images//e/5/9/e59eeed033fbbb153e789d460bacd564_240x180.jpg,"2018 г., 3 л., автомат седан, бензин руль слева, 65 000 км","

4ч.назад
"
Mercedes-BenzE-класс,$ 14 500,https://im.mashina.kg/tachka/images//f/d/c/fdcd06fbb33bfdacfd340c60f1a33a33_240x180.jpg,"2001 г., 4.3 л., автомат седан, бензин руль слева, 220 000 км","

3ч.назад
"
HyundaiTucson,$ 17 000,https://im.mashina.kg/tachka/images//a/c/c/accea6606347fb470d10d7d3bf6d54cc_240x180.jpg,"2016 г., 2 л., автомат внедорожник 5 дв., дизель руль слева, 122 000 км","

3ч.назад
"
SubaruOutback,$ 17 500,https://im.mashina.kg/tachka/images//1/2/9/129810ff2a9c5f9df61c3fab1c51742e_240x180.jpg,"2018 г., 2.5 л., вариатор универсал, бензин руль слева, 65 000 км","

3ч.назад
"
HyundaiSonata,$ 12 500,https://im.mashina.kg/tachka/images//6/7/f/67f858d9da9f079772d1a272c41af980_240x180.jpg,"2016 г., 2.4 л., автомат седан, бензин руль слева, 180 000 км","
4ч.назад
"
LexusGS,$ 32 000,https://im.mashina.kg/tachka/images//a/3/e/a3eb0a15efadca5c273c493f896bd3d9_240x180.jpg,"2017 г., 2.5 л., вариатор седан, гибрид руль слева, 103 000 км","

3ч.назад
"
HyundaiSonata,$ 17 900,https://im.mashina.kg/tachka/images//2/d/d/2dd9877fa94cc914f394768797b92fa8_240x180.jpg,"2018 г., 2 л., автомат седан, газ руль слева, 155 000 км","

3ч.назад
"
KiaK5IIСедан,$ 11 999,https://im.mashina.kg/tachka/images//5/f/0/5f088ff8cfe18174c02ab9813441a234_240x180.jpg,"2016 г., 2 л., автомат седан, газ руль слева, 132 000 км","

3ч.назад
"
ToyotaCamry,$ 17 500,https://im.mashina.kg/tachka/images//e/c/0/ec006a60d23b6544511681d909efabf9_240x180.jpg,"2016 г., 2.5 л., автомат седан, бензин руль слева, 280 000 км","

56мин.назад
"
KiaMohave(Borrego),$ 64 000,https://im.mashina.kg/tachka/images//0/9/b/09b13a90494f267fc3d17d1738e46091_240x180.jpg,"2023 г., 3 л., автомат внедорожник 5 дв., дизель руль слева","

3ч.назад
"
HyundaiSonata,$ 13 600,https://im.mashina.kg/tachka/images//1/7/4/17459a1aa65d1a8940206c7654ae046e_240x180.jpg,"2018 г., 2 л., автомат седан, газ руль слева, 118 000 км","

33мин.назад
"
HyundaiSonata,$ 30 300,https://im.mashina.kg/tachka/images//7/4/b/74b2aaed362b651f4d80d6d2ffb6f6b6_240x180.jpg,"2021 г., 1.6 л., автомат седан, бензин руль слева, 58 000 км","
3ч.назад
"
Mercedes-BenzC-Класс,$ 29 900,https://im.mashina.kg/tachka/images//0/0/7/00710e8445012c3bb25ca0cf2d9eef8e_240x180.jpg,"2017 г., 2 л., автомат седан, бензин руль слева, 86 000 км","
3ч.назад
"
BMWX6,$ 39 900,https://im.mashina.kg/tachka/images//4/4/9/449b2b3bc3722ba357be17d46ada2f48_240x180.jpg,"2015 г., 3 л., автомат внедорожник 5 дв., дизель руль слева, 200 000 км","
3ч.назад
"
BMWX7,$ 106 000,https://im.mashina.kg/tachka/images//4/b/3/4b30d35a91526dad19defdbfc3aac981_240x180.jpg,"2021 г., 3 л., автомат внедорожник 5 дв., бензин руль слева, 60 000 км","
3ч.назад
"
KiaMorning,$ 10 800,https://im.mashina.kg/tachka/images//a/4/f/a4f5cce4e5afb4d8bfe09ab5667c672e_240x180.jpg,"2017 г., 1 л., автомат хэтчбек 5 дв., бензин руль слева, 100 000 км","
22ч.назад
"
BMW7серии,$ 45 000,https://im.mashina.kg/tachka/images//2/e/9/2e9c924bb4eefb2594198236d6cc33be_240x180.jpg,"2016 г., 3 л., автомат седан, дизель руль слева, 75 000 км","

3ч.назад
"
LexusCT,$ 13 900,https://im.mashina.kg/tachka/images//f/c/9/fc90929bf8758dc49218e147f2916170_240x180.jpg,"2012 г., 1.8 л., вариатор хэтчбек 5 дв., гибрид руль слева, 157 000 км","

5ч.назад
"
KiaK5IIIСедан,$ 36 000,https://im.mashina.kg/tachka/images//6/d/b/6dbaa894e9a973895c652149fce97c35_240x180.jpg,"2020 г., 2 л., автомат седан, бензин руль слева, 28 000 км","

3ч.назад
"
AudiQ7,$ 52 000,https://im.mashina.kg/tachka/images//b/7/3/b732dc8b6f151da69651c558b65b61f8_240x180.jpg,"2017 г., 3 л., автомат внедорожник 5 дв., бензин руль слева, 142 000 км","

4ч.назад
"
LexusRX,$ 52 000,https://im.mashina.kg/tachka/images//e/0/8/e081ef3ab5eae023d4e0e35ff20c8aab_240x180.jpg,"2018 г., 3.5 л., вариатор внедорожник 5 дв., гибрид руль слева, 110 000 км","

4ч.назад
"
ToyotaCamry,$ 8 600,https://im.mashina.kg/tachka/images//0/5/8/0585062696f6bc7ecf97dee6bd6f47c9_240x180.jpg,"2004 г., 3 л., автомат седан, бензин руль слева, 280 000 км","
4ч.назад
"
BMWX5,$ 65 000,https://im.mashina.kg/tachka/images//0/5/5/055a56bd092d61336d21aac2187edf8d_240x180.jpg,"2019 г., 3 л., автомат внедорожник 5 дв., дизель руль слева, 11 000 км","

4ч.назад
"
Mazda2,$ 12 800,https://im.mashina.kg/tachka/images//1/9/1/1917ca127fe57e89d82c7a5c79409f39_240x180.jpg,"2017 г., 1.5 л., автомат хэтчбек 5 дв., бензин руль слева, 37 800 км","

4ч.назад
"
HondaAccord,$ 7 600,https://im.mashina.kg/tachka/images//6/c/3/6c371ec5c3a7ea1c55eee2de6e6c15a6_240x180.jpg,"2005 г., 2.4 л., автомат седан, бензин руль слева, 325 000 км","

4ч.назад
"
BMWX5,$ 125 000,https://im.mashina.kg/tachka/images//b/6/6/b66381e8ec9f86db62540edb16e960b6_240x180.jpg,"2022 г., 3 л., автомат внедорожник 5 дв., гибрид руль слева, 11 км","
"
ToyotaCamry(Japan),$ 12 500,https://im.mashina.kg/tachka/images//5/8/7/587ce43e1078f320b58605f2caca8318_240x180.jpg,"2004 г., 2.4 л., автомат седан, бензин руль справа, 100 720 км","

13д.назад
"
ToyotaRAV4,$ 23 500,https://im.mashina.kg/tachka/images//9/b/1/9b1bff26a976654ddef5effb8cdca737_240x180.jpg,"2016 г., 2.5 л., вариатор внедорожник 5 дв., гибрид руль слева, 120 000 км","
4ч.назад
"
HyundaiSonata,$ 17 500,https://im.mashina.kg/tachka/images//d/7/a/d7a5b7a8d76f23055677bdb5272daeee_240x180.jpg,"2018 г., 2 л., автомат седан, газ руль слева, 146 000 км","

4ч.назад
"
